id,name,sex,urban/rural,income,GPA,average attendance,Parents Qualification,is dropout?
1,Student_1,Male,Rural,High,3.9843160296466253,80.38760611263612,Low,Yes
2,Student_2,Female,Urban,Medium,3.7028499154901917,64.76507387859164,Low,Yes
3,Student_3,Male,Urban,High,2.4170210287146716,56.83004518255863,Low,Yes
4,Student_4,Male,Urban,Low,3.8611904292878325,82.58198802386383,Low,Yes
5,Student_5,Male,Urban,Low,2.232732795770952,86.92987290661654,Low,Yes
6,Student_6,Female,Urban,Low,3.634899416982383,65.78136718816751,Low,Yes
7,Student_7,Male,Rural,High,2.76124658695316,82.2416302011157,High,Yes
8,Student_8,Male,Urban,Low,3.7559486408901392,69.75654538057516,High,Yes
9,Student_9,Male,Rural,Medium,3.736113380214901,85.66034416413089,Medium,Yes
10,Student_10,Female,Rural,Medium,3.611850800235242,59.96076374470265,Low,Yes
11,Student_11,Male,Urban,Low,3.5800608726141228,94.51075013180872,Low,Yes
12,Student_12,Male,Urban,Medium,2.6093582781960816,64.37047982327898,Low,Yes
13,Student_13,Male,Rural,Low,2.1618385661025044,68.38929938780765,Low,Yes
14,Student_14,Male,Urban,High,2.805960357530323,52.90459760401749,Medium,Yes
15,Student_15,Female,Urban,High,2.347049029973017,55.57561061606382,Low,Yes
16,Student_16,Male,Rural,Medium,3.3899021778049234,75.7930951356164,Low,Yes
17,Student_17,Female,Rural,Low,2.6921994530755713,63.379633836398575,High,Yes
18,Student_18,Female,Urban,Low,3.95122040171983,91.77401128710972,Medium,Yes
19,Student_19,Female,Rural,Medium,3.281944154690664,50.734669432747694,Low,Yes
20,Student_20,Male,Urban,High,3.644961127268722,68.95470243359681,High,Yes
21,Student_21,Female,Urban,Medium,2.265049345483697,66.86727733845464,Medium,Yes
22,Student_22,Male,Urban,High,3.724028964545245,50.966381545880054,Medium,Yes
23,Student_23,Female,Rural,Low,3.8455143810267884,56.21841995002551,High,Yes
24,Student_24,Female,Rural,High,2.9741238376378716,70.68213374593176,High,Yes
25,Student_25,Female,Rural,Medium,3.2125058755019547,74.64322922237233,High,Yes
26,Student_26,Female,Rural,Low,3.529619601805991,70.21448736274345,High,Yes
27,Student_27,Female,Rural,Medium,2.349677254520825,76.5468839206047,High,Yes
28,Student_28,Female,Urban,Medium,3.005132152926885,79.75658374528408,Low,Yes
29,Student_29,Female,Urban,High,2.797326055544626,50.49619105639178,Low,Yes
30,Student_30,Female,Urban,Medium,2.2927479843244982,73.2047579726752,Medium,Yes
31,Student_31,Male,Urban,High,2.735068844583063,98.17496204437941,Low,Yes
32,Student_32,Male,Rural,Low,2.136344618770987,75.95161400647743,Low,Yes
33,Student_33,Female,Urban,High,2.051623813898974,83.87711337294766,Low,Yes
34,Student_34,Female,Rural,Low,2.2703325783096453,65.59319289584415,High,Yes
35,Student_35,Female,Urban,High,3.9262302231783477,88.69956890763812,Medium,Yes
36,Student_36,Male,Rural,Medium,3.099059071790034,88.64607409380575,Medium,Yes
37,Student_37,Female,Rural,High,3.9316443223064397,76.06480238270694,Medium,Yes
38,Student_38,Male,Urban,High,2.8649957566602637,98.80069116396068,Medium,Yes
39,Student_39,Male,Urban,Low,2.623632266170519,56.27751073813267,Low,Yes
40,Student_40,Male,Urban,Medium,3.012283725680488,50.84738324447905,Low,Yes
41,Student_41,Male,Urban,High,2.8790233772658205,88.50791058785481,High,Yes
42,Student_42,Male,Rural,Medium,2.211329368523488,90.35777686824413,Medium,Yes
43,Student_43,Female,Urban,High,3.2816526293804125,56.01036145602881,Low,Yes
44,Student_44,Female,Urban,High,2.432076365019199,63.2791416479303,Low,Yes
45,Student_45,Female,Rural,Medium,3.239175909795659,50.877618168331445,High,Yes
46,Student_46,Female,Urban,High,3.3004021847963068,64.66543053902824,High,Yes
47,Student_47,Female,Urban,Medium,2.304049706257296,88.65709369593358,High,Yes
48,Student_48,Male,Urban,High,2.1226992542213363,75.89802638562895,Low,Yes
49,Student_49,Female,Urban,Low,3.5615231721368796,67.40477965841441,Low,Yes
50,Student_50,Female,Urban,Medium,2.91960084753864,68.58696474531652,High,Yes
51,Student_51,Male,Rural,High,2.1163275910109514,50.06768128577341,Medium,Yes
52,Student_52,Female,Urban,High,3.9897326343395343,64.9900263782618,High,Yes
53,Student_53,Male,Urban,Low,2.1155611219927333,82.32293708189653,High,Yes
54,Student_54,Female,Urban,Medium,3.3900704577171066,98.70972219081786,High,No
55,Student_55,Male,Urban,High,3.9673578505268274,92.35304134919497,High,No
56,Student_56,Female,Urban,Low,2.4783602084318512,51.17974823227646,Low,Yes
57,Student_57,Female,Rural,High,2.2844987373743924,94.92803023374196,Medium,Yes
58,Student_58,Male,Urban,Medium,2.242769878844858,89.15992066493129,High,Yes
59,Student_59,Male,Rural,High,2.6065502951351913,89.01880617854903,Medium,Yes
60,Student_60,Male,Rural,Low,2.2020916220212934,72.89978795017858,Low,Yes
61,Student_61,Male,Urban,High,3.384322683388264,69.90026464772514,Medium,Yes
62,Student_62,Male,Urban,High,2.124583596260125,65.14578644165962,High,Yes
63,Student_63,Male,Urban,Low,3.0188442562995794,53.284742947718286,Low,Yes
64,Student_64,Male,Urban,Low,3.9933937077059536,61.41176817468495,High,Yes
65,Student_65,Male,Rural,Medium,3.6279405390120374,62.33018174890123,Medium,Yes
66,Student_66,Female,Urban,Low,3.2304388764620215,74.20385348551008,Medium,Yes
67,Student_67,Female,Urban,Low,2.6125072415732236,87.3722203298347,Low,Yes
68,Student_68,Male,Urban,Medium,3.247791672583277,73.69049141989733,High,Yes
69,Student_69,Female,Urban,Low,3.0540829278233033,52.89222247235803,Medium,Yes
70,Student_70,Female,Urban,Low,2.852166767780743,97.8894900494102,Low,Yes
71,Student_71,Female,Urban,Medium,2.261420753480399,97.13621595470562,Medium,Yes
72,Student_72,Female,Rural,Medium,3.7732084304809335,89.25947715742042,Low,Yes
73,Student_73,Male,Rural,Medium,2.8995692976426453,99.56639507821103,Low,Yes
74,Student_74,Female,Urban,High,2.3892450236415304,77.22411664001315,High,Yes
75,Student_75,Male,Urban,High,2.7355187017545792,98.13841751266031,Medium,Yes
76,Student_76,Female,Urban,Medium,2.8282595050578543,53.78025203083754,High,Yes
77,Student_77,Female,Rural,Medium,3.655075791133749,68.28403741306857,Medium,Yes
78,Student_78,Female,Urban,Medium,3.4672287611228043,61.26906340033829,High,Yes
79,Student_79,Male,Rural,High,3.5386097872826796,59.7916542067135,Medium,Yes
80,Student_80,Female,Urban,High,2.0220625288572944,57.0401474446338,High,Yes
81,Student_81,Male,Urban,Low,2.832307996359523,81.12068207829984,Low,Yes
82,Student_82,Female,Urban,Low,2.9626883032706472,89.06609278736525,Medium,Yes
83,Student_83,Male,Urban,Medium,2.0383845536461136,78.91491997101804,Medium,Yes
84,Student_84,Female,Rural,High,2.5196264174900684,57.34813547941049,Low,Yes
85,Student_85,Male,Rural,High,3.5205796462442702,90.55618849667354,High,No
86,Student_86,Male,Urban,Low,2.274219411457998,81.79773535818643,Low,Yes
87,Student_87,Female,Urban,Medium,3.0706202629051833,69.40828530634977,Medium,Yes
88,Student_88,Male,Rural,Low,2.430403744034475,83.70651477680315,High,Yes
89,Student_89,Female,Rural,Medium,2.0242415492877868,62.995248962141645,Low,Yes
90,Student_90,Female,Rural,Low,2.482402915199083,67.25961042471053,High,Yes
91,Student_91,Female,Rural,Low,3.9517475098201076,95.87429215659951,High,Yes
92,Student_92,Female,Urban,Medium,3.6030742237659794,64.52522528357102,High,Yes
93,Student_93,Female,Rural,Low,3.919153288642067,73.49941340789684,Medium,Yes
94,Student_94,Female,Urban,Low,2.975708087852725,94.50705686980073,Low,Yes
95,Student_95,Female,Rural,High,2.2194723973550072,85.38606751337637,Low,Yes
96,Student_96,Female,Rural,Low,3.095918977947386,53.110161308235135,High,Yes
97,Student_97,Female,Rural,Medium,2.9087546691199218,57.36515221394852,Medium,Yes
98,Student_98,Female,Rural,Medium,3.688714165479232,50.392079538595844,High,Yes
99,Student_99,Female,Rural,Low,2.196165161568489,81.54608951145818,Medium,Yes
100,Student_100,Male,Urban,High,2.9764822740435566,72.38367127052092,Medium,Yes
101,Student_101,Male,Urban,High,2.3000973293879685,56.713742545113774,Medium,Yes
102,Student_102,Female,Rural,Low,2.6493518537801197,97.89670605283852,Medium,Yes
103,Student_103,Female,Rural,Low,3.474714154775599,76.482986197281,Low,Yes
104,Student_104,Female,Urban,Medium,2.9520362587375333,62.09466470564446,Medium,Yes
105,Student_105,Female,Rural,Low,2.751776570291539,75.03017855773538,Medium,Yes
106,Student_106,Female,Rural,High,2.7889525571400706,83.98101663675538,High,Yes
107,Student_107,Female,Urban,Low,2.9188935368119733,53.81196089867822,High,Yes
108,Student_108,Female,Rural,Medium,3.5700330876741138,63.7351907523946,Low,Yes
109,Student_109,Female,Rural,Medium,3.7841693778804686,90.34827454419968,High,Yes
110,Student_110,Male,Urban,Medium,3.9106693730078566,72.98324352013306,Medium,Yes
111,Student_111,Female,Urban,Medium,3.57380677251059,77.32885710161474,High,No
112,Student_112,Male,Urban,Medium,2.6308137914960255,71.64080011047346,Low,Yes
113,Student_113,Female,Rural,Low,3.3762694121730843,52.194997132150256,High,Yes
114,Student_114,Female,Urban,Low,2.875206248110784,58.2874889910078,High,Yes
115,Student_115,Male,Urban,Low,2.509341244092102,72.27708193709455,Low,Yes
116,Student_116,Female,Urban,Low,3.6817431588518454,60.459273270396395,Low,Yes
117,Student_117,Male,Urban,Medium,2.07685269792465,52.49895143298394,Medium,Yes
118,Student_118,Female,Urban,High,3.8035239842708473,92.18248320259119,High,No
119,Student_119,Female,Urban,Low,2.9229549292494683,99.0596264582058,Medium,Yes
120,Student_120,Male,Rural,High,3.274402953616561,89.65714369983698,High,No
121,Student_121,Female,Rural,Low,3.3187078444115654,92.68924608523335,High,Yes
122,Student_122,Male,Urban,Low,3.790235481413073,62.09885651585227,Medium,Yes
123,Student_123,Female,Urban,High,3.2733393643344146,98.03134877565998,High,No
124,Student_124,Male,Urban,Low,3.2278671695201235,59.84628522267142,Low,Yes
125,Student_125,Male,Rural,Low,2.1333040811213797,97.57149051809162,High,Yes
126,Student_126,Female,Rural,Low,3.036816043890408,99.74096469829755,Low,Yes
127,Student_127,Female,Rural,Low,2.300338001634083,85.58614028730244,Medium,Yes
128,Student_128,Male,Rural,High,3.474867537442971,99.0571865895911,Low,Yes
129,Student_129,Female,Rural,Medium,3.0244438416253487,78.47698897835518,Medium,Yes
130,Student_130,Female,Rural,High,3.3604555584167066,62.97708915880452,Medium,Yes
131,Student_131,Female,Rural,High,2.0833458012047688,71.84979428328104,High,Yes
132,Student_132,Male,Rural,Medium,2.169584032091606,79.6780467689393,Medium,Yes
133,Student_133,Male,Rural,High,3.4326467761253645,53.65407810135075,Low,Yes
134,Student_134,Male,Urban,Medium,2.1441686719973467,81.1171632308623,Low,Yes
135,Student_135,Male,Urban,Low,2.1425134555305174,99.05889183811473,Low,Yes
136,Student_136,Male,Urban,Medium,2.024216950469775,59.50538248918638,Medium,Yes
137,Student_137,Male,Urban,Low,3.91300279659896,89.62975581441916,Low,Yes
138,Student_138,Male,Rural,High,3.475016718918014,95.39493968898097,Medium,Yes
139,Student_139,Male,Rural,Low,2.7065028170041283,97.18507964101104,Low,Yes
140,Student_140,Male,Urban,Low,2.5930711625753107,98.00678022027236,Low,Yes
141,Student_141,Female,Rural,High,2.699406459491699,76.0729819360736,Medium,Yes
142,Student_142,Male,Urban,Medium,3.549307062362364,98.86539539957519,Low,Yes
143,Student_143,Female,Rural,Low,3.322741222140829,87.86551035672194,High,Yes
144,Student_144,Female,Urban,High,2.370391135734936,58.083571811848095,Medium,Yes
145,Student_145,Female,Rural,Low,2.3482186706681687,73.8450053233985,Medium,Yes
146,Student_146,Male,Rural,Medium,2.1967912994267946,85.9165587686002,Medium,Yes
147,Student_147,Male,Urban,Medium,3.3206054394026765,62.36701579095417,High,Yes
148,Student_148,Male,Rural,High,3.528745324443472,82.03075917744437,Medium,Yes
149,Student_149,Male,Urban,Medium,2.530092856650008,83.33002395233096,Low,Yes
150,Student_150,Female,Urban,Low,2.0418899220618254,58.13498719042829,Low,Yes
151,Student_151,Male,Urban,Medium,2.1643433349528545,78.25426562263782,Low,Yes
152,Student_152,Male,Urban,Low,3.9357200696900607,88.58134554893039,Medium,Yes
153,Student_153,Male,Rural,Low,2.5908895549548405,74.9447832267971,Low,Yes
154,Student_154,Male,Rural,Medium,3.538446295676267,50.60515583880537,Medium,Yes
155,Student_155,Male,Rural,High,3.2493271377085273,50.45192345396461,Low,Yes
156,Student_156,Female,Urban,Medium,2.763879279305792,67.85146719850061,High,Yes
157,Student_157,Male,Rural,Low,2.4113745243911104,96.30970342158909,High,Yes
158,Student_158,Female,Urban,Low,2.242772836318813,61.43383898018044,High,Yes
159,Student_159,Male,Rural,Low,3.230025936077733,81.71818444358436,Low,Yes
160,Student_160,Female,Rural,High,3.5492675612755757,61.103793534666025,Medium,Yes
161,Student_161,Male,Rural,High,3.2878085070822616,66.08349948297743,Low,Yes
162,Student_162,Male,Urban,Low,3.0606042664983164,92.4021044800742,High,No
163,Student_163,Female,Rural,Low,2.0839024468632728,86.44307211349735,Medium,Yes
164,Student_164,Female,Rural,High,3.9369775551887676,54.76996386566053,High,Yes
165,Student_165,Female,Urban,Medium,3.597428383309149,71.43510104932167,High,Yes
166,Student_166,Male,Rural,Low,2.5856440734019293,51.458488182263224,Medium,Yes
167,Student_167,Female,Urban,Low,3.9599406587177013,74.04450733015045,Medium,Yes
168,Student_168,Male,Rural,High,3.203763179272644,83.1217005850534,Low,Yes
169,Student_169,Male,Urban,Medium,3.164845316414493,55.92513117990758,Low,Yes
170,Student_170,Female,Urban,High,3.496146358859064,64.44424694545829,High,Yes
171,Student_171,Female,Rural,Medium,3.623539576180275,69.89183127510785,High,Yes
172,Student_172,Male,Urban,Medium,3.3129572146630055,95.97655123280248,Low,Yes
173,Student_173,Male,Urban,Medium,2.2561914927324,99.66275077114821,Low,Yes
174,Student_174,Female,Urban,Low,2.676535011988997,52.24556494978079,Medium,Yes
175,Student_175,Female,Urban,High,3.8561672806520995,88.0503961747696,Low,Yes
176,Student_176,Female,Urban,High,2.449231223687704,68.58620332011716,Low,Yes
177,Student_177,Male,Urban,Medium,2.744334047675027,69.622909311474,High,Yes
178,Student_178,Male,Rural,Low,2.8641537658883918,87.71324866735114,Low,Yes
179,Student_179,Male,Urban,Low,2.8788099793889046,95.92132160727044,High,Yes
180,Student_180,Male,Urban,High,3.225879164989051,97.54642972512741,Low,Yes
181,Student_181,Male,Rural,Low,3.8861516754894154,78.85612930191604,Medium,Yes
182,Student_182,Male,Rural,Low,2.48138542366501,67.85605796502514,Low,Yes
183,Student_183,Female,Rural,Medium,2.243002752601836,89.37745429293896,Low,Yes
184,Student_184,Male,Rural,Low,2.3949409797198746,62.55006916311501,Low,Yes
185,Student_185,Male,Rural,Medium,3.773849800418539,78.20370144167589,High,Yes
186,Student_186,Male,Rural,High,3.291621625310412,67.92892307624366,Medium,Yes
187,Student_187,Female,Rural,Low,2.57181357847832,82.8315536853938,Low,Yes
188,Student_188,Male,Urban,High,3.6318938779372347,62.019945644675346,High,Yes
189,Student_189,Male,Urban,High,3.722739992726872,59.57964728674129,Medium,Yes
190,Student_190,Female,Rural,Low,3.693028677380556,95.91195433377186,High,Yes
191,Student_191,Male,Urban,Low,3.837853067279109,55.09018414747685,High,Yes
192,Student_192,Male,Urban,High,2.504482040346723,75.29789538674657,Medium,Yes
193,Student_193,Male,Urban,Low,3.510083857492557,61.04263914815044,Low,Yes
194,Student_194,Male,Rural,Low,2.92107899454828,51.94649816628337,Low,Yes
195,Student_195,Male,Rural,Medium,3.683997105780123,51.80094091457132,High,Yes
196,Student_196,Female,Urban,Low,3.4569813543232266,58.76108860529136,Low,Yes
197,Student_197,Female,Rural,High,3.5528948929994493,93.33851772530002,Low,Yes
198,Student_198,Female,Urban,Low,3.3123236753621432,64.12393719885134,Medium,Yes
199,Student_199,Male,Urban,Low,2.354857538939414,97.52295852876479,Medium,Yes
200,Student_200,Male,Urban,High,3.0900538377938767,79.08111464945968,Medium,Yes
201,Student_201,Male,Urban,High,3.969339479049016,71.8307094884383,Low,Yes
202,Student_202,Female,Rural,Medium,3.8747761329942376,79.00444173347273,High,Yes
203,Student_203,Male,Rural,Low,2.0863474715940233,75.83491926131339,Low,Yes
204,Student_204,Male,Rural,Medium,2.3296296314588743,87.93881268786626,Medium,Yes
205,Student_205,Female,Urban,High,2.263457546909124,64.12480329864262,Low,Yes
206,Student_206,Male,Rural,Low,3.451959819970591,67.65251958001512,High,Yes
207,Student_207,Female,Urban,Medium,3.63557065971389,94.70471512666253,Medium,Yes
208,Student_208,Female,Rural,Medium,2.427022732621344,97.32282565752027,High,Yes
209,Student_209,Female,Urban,Medium,3.011705385903658,94.62791137432373,High,No
210,Student_210,Male,Urban,Low,3.6814060560224,70.97239969786568,Low,Yes
211,Student_211,Male,Urban,Low,3.465603089532501,89.01827515034408,Low,Yes
212,Student_212,Male,Rural,Low,3.0844744109836966,73.81678666505493,High,Yes
213,Student_213,Male,Rural,Low,3.1806953809175456,74.87699260730511,Medium,Yes
214,Student_214,Male,Rural,Low,3.01672109383256,60.234005452864196,Low,Yes
215,Student_215,Male,Rural,Medium,2.595096902637641,79.55651516292582,High,Yes
216,Student_216,Male,Urban,Low,3.130043985718032,59.306794887667394,Low,Yes
217,Student_217,Female,Rural,Medium,3.3777706041001814,66.5782349533597,Low,Yes
218,Student_218,Male,Rural,Low,3.746645831721615,92.75151008099675,Low,Yes
219,Student_219,Female,Urban,High,3.272582707958496,60.35379046054276,High,Yes
220,Student_220,Male,Urban,Medium,3.522243074086316,53.557914258671644,Medium,Yes
221,Student_221,Male,Urban,High,2.320143269909146,53.45037963064082,Medium,Yes
222,Student_222,Male,Rural,Medium,2.92311494883958,97.03922602515539,Medium,Yes
223,Student_223,Female,Urban,High,2.0186632396541864,75.34602189809173,Low,Yes
224,Student_224,Female,Urban,Low,2.493357729043246,70.47060359085091,High,Yes
225,Student_225,Female,Urban,Low,3.4529234302260097,90.54392905039592,Low,Yes
226,Student_226,Female,Rural,Low,3.983619902698727,91.79129639552579,Medium,Yes
227,Student_227,Male,Urban,Medium,2.198356199174432,66.60955165578022,Medium,Yes
228,Student_228,Female,Rural,High,2.8029886317225765,84.68090287368976,High,Yes
229,Student_229,Male,Rural,Low,3.600141937398319,88.55614079259433,Low,Yes
230,Student_230,Male,Urban,High,2.408071269257798,82.73253434329773,Medium,Yes
231,Student_231,Female,Urban,High,3.1101698986045725,57.57975374000497,High,Yes
232,Student_232,Female,Rural,Low,3.4661425920593496,93.79415417585285,Low,Yes
233,Student_233,Female,Urban,Low,3.2319709005203583,76.95472763680044,Low,Yes
234,Student_234,Female,Urban,High,2.376049469230832,64.12362131850018,Medium,Yes
235,Student_235,Female,Rural,Low,2.7107691373714786,71.2614092718847,Medium,Yes
236,Student_236,Female,Rural,Low,3.5675835689707944,51.87855451994537,Low,Yes
237,Student_237,Female,Urban,Low,3.1084530282640332,56.39334006112088,Low,Yes
238,Student_238,Female,Rural,Medium,2.0104592270858257,88.27733752579304,Medium,Yes
239,Student_239,Male,Urban,High,3.5219815200561877,50.00058173776831,Low,Yes
240,Student_240,Female,Urban,High,2.070622709880478,70.82829142411461,Medium,Yes
241,Student_241,Female,Urban,Medium,3.4914675654624645,76.12550905427942,Low,Yes
242,Student_242,Male,Rural,High,2.4049611203304746,52.731721000048616,Medium,Yes
243,Student_243,Female,Urban,Low,3.9161469602387604,98.65390814861664,Low,Yes
244,Student_244,Male,Urban,High,2.735881502604169,61.3062665624836,Medium,Yes
245,Student_245,Male,Urban,Low,2.653863232676158,65.20993598181404,Medium,Yes
246,Student_246,Female,Rural,Low,2.2977761006648896,65.19712561275136,Low,Yes
247,Student_247,Male,Rural,Low,2.6112084309804295,61.520833105867496,Low,Yes
248,Student_248,Male,Rural,High,3.7533015236564014,50.07369110431557,High,Yes
249,Student_249,Male,Rural,High,3.9926686752544946,86.46723970439982,Medium,Yes
250,Student_250,Male,Rural,High,2.7366190610136965,98.34227498996427,Low,Yes
251,Student_251,Female,Urban,Medium,2.897221261909085,61.21467416425225,High,Yes
252,Student_252,Male,Rural,Low,3.444141876405474,83.15235959017113,Low,Yes
253,Student_253,Female,Rural,High,3.7723915609301493,87.09481634793576,Low,Yes
254,Student_254,Male,Rural,Low,3.1860886683735683,92.42126895452623,High,Yes
255,Student_255,Male,Urban,Medium,2.783051396355659,71.13145985068046,Low,Yes
256,Student_256,Male,Rural,High,2.8252436816972475,65.14654528202146,High,Yes
257,Student_257,Male,Rural,High,3.3912362929936135,66.26475670115155,Medium,Yes
258,Student_258,Female,Urban,Medium,2.0064365272085576,85.63106665492563,Low,Yes
259,Student_259,Female,Rural,Low,3.2391786749196814,90.8389733252818,Low,Yes
260,Student_260,Male,Urban,Medium,2.710986020882715,59.08069838783013,Medium,Yes
261,Student_261,Male,Urban,Low,3.5883946625541685,68.54705040788826,Low,Yes
262,Student_262,Female,Urban,Low,2.1859812796462643,95.0970098374575,High,Yes
263,Student_263,Male,Urban,High,3.176404533896781,90.33467598473696,Low,Yes
264,Student_264,Male,Urban,Medium,2.9619457797722477,99.2429201381238,Medium,Yes
265,Student_265,Male,Rural,Low,3.284651051810455,87.71241298410403,Medium,Yes
266,Student_266,Female,Urban,Medium,2.129707188965937,69.65976005139612,High,Yes
267,Student_267,Female,Urban,High,3.1599675748562626,79.53189169973189,Low,Yes
268,Student_268,Female,Rural,Low,3.1229691759190477,83.05071271236602,Medium,Yes
269,Student_269,Male,Urban,Low,3.1213201888323416,53.922790815856196,Medium,Yes
270,Student_270,Male,Rural,Low,3.2069753331929096,77.22484795519325,Medium,Yes
271,Student_271,Female,Rural,High,3.3529358744527245,85.46604142363049,High,No
272,Student_272,Female,Rural,Medium,3.6099779993615395,58.366065200053015,Medium,Yes
273,Student_273,Female,Urban,Low,2.5396414402564287,89.03158587127785,Medium,Yes
274,Student_274,Female,Urban,High,3.650098820360124,79.18863902570558,Low,Yes
275,Student_275,Male,Urban,Medium,2.9965113645269073,97.61108928487974,Low,Yes
276,Student_276,Female,Rural,High,2.1541165582686626,52.12111491034459,Medium,Yes
277,Student_277,Male,Urban,Medium,2.1171018584879584,63.266306877773346,Medium,Yes
278,Student_278,Female,Urban,High,2.6684766373921214,80.0776939649912,Low,Yes
279,Student_279,Male,Urban,Medium,3.569793954222935,64.82799561029654,High,Yes
280,Student_280,Female,Rural,Low,3.4153618694818313,85.72120820356211,Low,Yes
281,Student_281,Female,Rural,Medium,3.5772299293448127,87.95026412609656,High,Yes
282,Student_282,Female,Urban,High,3.0345381128832187,55.125798203323725,High,Yes
283,Student_283,Female,Urban,High,2.880397995910981,75.69272321033839,High,Yes
284,Student_284,Male,Urban,Medium,2.2949050534125677,75.4445277795528,High,Yes
285,Student_285,Female,Urban,Low,2.656385507218623,68.46403851077706,High,Yes
286,Student_286,Male,Rural,Low,2.8680387323477508,96.6462431284836,High,Yes
287,Student_287,Male,Rural,Medium,2.1772008593592345,91.37531599366106,Low,Yes
288,Student_288,Male,Rural,Medium,2.4412239054224223,84.86046909548185,High,Yes
289,Student_289,Male,Rural,High,3.196450588127478,85.71633178674988,High,No
290,Student_290,Female,Urban,Low,3.4713262284783797,73.08580719065596,High,Yes
291,Student_291,Male,Urban,Medium,3.9966950227858993,96.0497260548288,Medium,Yes
292,Student_292,Male,Urban,Low,3.866226662687115,84.72977136266427,Low,Yes
293,Student_293,Male,Rural,Medium,3.285130399070383,86.44905308279081,Low,Yes
294,Student_294,Female,Urban,Medium,2.8424961065881442,93.08454518936726,Low,Yes
295,Student_295,Female,Rural,Low,3.2723547294164654,63.70357946710955,High,Yes
296,Student_296,Female,Rural,Medium,3.571303236160464,90.35354519333515,High,Yes
297,Student_297,Female,Urban,Medium,2.2366723818467746,59.7620301478246,Medium,Yes
298,Student_298,Male,Urban,High,2.8198097793925765,67.26709761224438,Low,Yes
299,Student_299,Male,Urban,Medium,3.679604571271234,66.78052271349213,High,Yes
300,Student_300,Female,Rural,Medium,2.767665903866088,98.92627341945703,Low,Yes
301,Student_301,Male,Urban,Medium,3.143744542454373,92.82686118739633,Medium,Yes
302,Student_302,Male,Rural,High,3.175538721724396,85.05849307951298,Medium,Yes
303,Student_303,Male,Urban,Low,2.368952506267279,86.35283808076952,Medium,Yes
304,Student_304,Female,Rural,High,2.7244708833045768,78.10363972012856,Low,Yes
305,Student_305,Female,Rural,High,2.6690225774838643,97.35453335542596,High,Yes
306,Student_306,Male,Urban,Low,2.0523934170641294,74.81293764411808,High,Yes
307,Student_307,Female,Rural,High,2.0483835277827103,69.02588549349473,Medium,Yes
308,Student_308,Female,Rural,Low,3.6633940873515467,58.15176684657955,High,Yes
309,Student_309,Female,Urban,High,2.546141619945625,89.31028261305289,Medium,Yes
310,Student_310,Female,Rural,Low,3.036157532477631,86.72219660377957,Low,Yes
311,Student_311,Female,Urban,Medium,2.597451147177546,69.21775192620674,Medium,Yes
312,Student_312,Male,Rural,High,3.881358490230681,51.25967069796147,Low,Yes
313,Student_313,Female,Urban,High,2.5185935177315475,91.94986638590053,Medium,Yes
314,Student_314,Male,Urban,High,2.85931362547787,50.57089917270368,High,Yes
315,Student_315,Male,Rural,High,3.7454605009692035,85.18498898145255,High,No
316,Student_316,Female,Rural,Medium,3.6838671335836173,98.51285548630285,Medium,Yes
317,Student_317,Male,Rural,High,2.372202835692555,71.88306640741017,High,Yes
318,Student_318,Male,Rural,Medium,3.605286619591421,61.74867024979764,High,Yes
319,Student_319,Male,Rural,Medium,2.9163737734757853,85.24355050216909,High,Yes
320,Student_320,Female,Urban,Medium,2.96593774417071,90.85640710077925,Low,Yes
321,Student_321,Female,Rural,Medium,2.2669599448318873,77.32151580389237,High,Yes
322,Student_322,Male,Urban,Low,2.161203027514249,98.35176376280731,Low,Yes
323,Student_323,Female,Urban,Low,3.4558786139475304,52.583436082898054,Medium,Yes
324,Student_324,Female,Rural,High,2.9929223047105995,75.2397799152264,High,Yes
325,Student_325,Female,Urban,Low,2.873701405230359,85.9226973661275,High,Yes
326,Student_326,Female,Urban,Low,3.4590164573047932,93.13202355745895,High,No
327,Student_327,Male,Urban,High,3.5310257979822195,58.9627805953895,Medium,Yes
328,Student_328,Male,Urban,High,2.317816335338707,90.00017408818407,Low,Yes
329,Student_329,Female,Rural,High,3.2204502989552823,77.63535378592726,Low,Yes
330,Student_330,Female,Urban,Low,2.270708164555371,69.82768409949816,High,Yes
331,Student_331,Male,Rural,Low,3.502750172058091,56.58575142895468,Medium,Yes
332,Student_332,Male,Rural,High,3.3139103125342793,93.26478794544562,Medium,Yes
333,Student_333,Female,Urban,Medium,3.913229242166916,57.863660408985766,Medium,Yes
334,Student_334,Male,Rural,High,2.1379160327128424,65.48939296045496,Medium,Yes
335,Student_335,Female,Rural,Medium,2.1141094423025084,64.50227659812184,Medium,Yes
336,Student_336,Female,Rural,Medium,2.5643741493864,93.57070170954272,Low,Yes
337,Student_337,Male,Urban,High,2.523411367471812,83.63514971044489,Low,Yes
338,Student_338,Male,Rural,High,2.4939575981439996,89.83406985956861,Low,Yes
339,Student_339,Female,Rural,High,3.8125091610420734,62.52339493962495,High,Yes
340,Student_340,Female,Rural,Low,2.499092399699012,81.24370498034995,Medium,Yes
341,Student_341,Male,Urban,Medium,2.543899452257262,78.58729915718743,High,Yes
342,Student_342,Female,Rural,Low,3.5187965248359276,91.64151883941355,Medium,Yes
343,Student_343,Male,Urban,Low,2.89947968490108,95.30435302406303,Low,Yes
344,Student_344,Female,Urban,High,3.553421113910362,50.60783857386934,High,Yes
345,Student_345,Male,Urban,Low,2.1307323151287703,83.70099595293964,Low,Yes
346,Student_346,Male,Urban,High,2.975142387346769,52.59178995598645,Medium,Yes
347,Student_347,Male,Urban,Medium,2.067227200366565,77.44293325386779,Medium,Yes
348,Student_348,Female,Urban,High,2.125306406910709,64.38163645218391,Medium,Yes
349,Student_349,Female,Rural,Low,3.8128749066888217,65.33882997610706,Low,Yes
350,Student_350,Male,Urban,Low,2.2784907422351903,67.64792517261783,Medium,Yes
351,Student_351,Female,Rural,High,3.064841364550434,81.0646224524805,Low,Yes
352,Student_352,Male,Rural,High,2.8221912052014133,66.70249828343846,High,Yes
353,Student_353,Male,Urban,Low,2.694686652517685,86.63495252951401,Medium,Yes
354,Student_354,Female,Rural,Medium,3.799666691374545,70.22636927869348,Medium,Yes
355,Student_355,Female,Rural,Medium,2.043646793550979,53.41766001549793,Medium,Yes
356,Student_356,Male,Rural,High,3.3275793723511784,89.18799212420537,High,No
357,Student_357,Female,Rural,Medium,3.926788868427101,64.2879162296353,Medium,Yes
358,Student_358,Female,Urban,Low,3.120336366923684,71.63834397996314,Low,Yes
359,Student_359,Male,Rural,High,3.8736449240661837,84.27219416109509,Low,Yes
360,Student_360,Male,Urban,Low,2.1045157585720475,66.6228078574356,Medium,Yes
361,Student_361,Female,Rural,Low,2.8375866381483226,52.82928280733578,Medium,Yes
362,Student_362,Male,Rural,Medium,2.5203155819241023,68.69605235064068,High,Yes
363,Student_363,Male,Urban,High,3.4616419299614596,97.22242913471517,High,No
364,Student_364,Female,Rural,High,3.9625941809944933,82.08671986492791,High,No
365,Student_365,Male,Rural,Low,2.5130601248884954,83.57395743336035,Low,Yes
366,Student_366,Male,Rural,Low,3.3083492029481487,81.61410768188199,High,Yes
367,Student_367,Female,Urban,Low,2.3961952655194803,59.94960694797184,High,Yes
368,Student_368,Female,Rural,Low,3.13066050914322,70.916693205114,Low,Yes
369,Student_369,Male,Urban,Low,2.927864973376672,87.5469899181659,High,Yes
370,Student_370,Male,Rural,High,3.944010659263074,55.06864487765796,Low,Yes
371,Student_371,Female,Urban,High,3.217054545392933,63.892638804485614,Low,Yes
372,Student_372,Female,Urban,Medium,2.6990127441736376,63.81595542329268,High,Yes
373,Student_373,Female,Rural,Medium,2.2281915697758667,71.6009463797253,Low,Yes
374,Student_374,Female,Rural,High,2.302493657469869,99.01843704710924,Medium,Yes
375,Student_375,Male,Urban,High,2.45063385990247,53.3751273341911,Medium,Yes
376,Student_376,Female,Urban,Low,2.501933322680596,75.93504971902975,High,Yes
377,Student_377,Female,Rural,Low,3.7012321156822754,58.96823410061052,Medium,Yes
378,Student_378,Male,Urban,Medium,3.12244557656505,98.53382727048721,Low,Yes
379,Student_379,Female,Rural,High,3.046781822748733,55.66517523637321,Medium,Yes
380,Student_380,Male,Rural,Medium,2.229537743738435,70.18005011807956,High,Yes
381,Student_381,Female,Rural,High,3.72027938669887,86.89424924173031,High,No
382,Student_382,Female,Rural,Low,3.4456286064169674,85.22772140137226,Low,Yes
383,Student_383,Female,Urban,Medium,2.135336723800003,71.13643184469662,High,Yes
384,Student_384,Male,Rural,Medium,3.4156701944595373,67.32620839763591,Medium,Yes
385,Student_385,Male,Urban,High,3.087076434685292,69.88061892764352,High,Yes
386,Student_386,Female,Rural,Low,2.1634506914935567,63.213813157931966,Low,Yes
387,Student_387,Male,Urban,Medium,2.9166012830573127,60.26664693533999,High,Yes
388,Student_388,Male,Rural,Low,2.9693925742600937,74.1519848779445,Medium,Yes
389,Student_389,Male,Urban,Medium,2.3315490803265515,63.42668780338037,Low,Yes
390,Student_390,Male,Urban,Low,3.8913962940005646,64.3730832448625,Medium,Yes
391,Student_391,Male,Rural,Low,3.699950742961324,82.83780317372785,Low,Yes
392,Student_392,Male,Rural,Medium,3.3380446746582164,98.42686658499461,High,Yes
393,Student_393,Female,Rural,Low,2.9245911220012144,80.18186002796875,Low,Yes
394,Student_394,Female,Rural,Low,2.823531083169017,53.84897335324831,Low,Yes
395,Student_395,Male,Urban,Low,3.3019469343019083,53.77918069270335,High,Yes
396,Student_396,Female,Rural,Medium,3.0908637388138107,97.5711610422783,Medium,Yes
397,Student_397,Female,Urban,High,2.1245462117637715,64.86453951536669,High,Yes
398,Student_398,Female,Urban,Low,3.0250052975406634,54.60334930412377,Low,Yes
399,Student_399,Female,Rural,Low,3.612807234465679,79.95222935751907,High,Yes
400,Student_400,Male,Urban,Low,2.918479755193916,81.18243891451331,Low,Yes
401,Student_401,Female,Urban,Medium,2.103913155108537,82.42524100593441,High,Yes
402,Student_402,Female,Urban,Medium,3.572556398768066,63.37010139287706,High,Yes
403,Student_403,Male,Urban,Medium,2.402727564271949,50.75553421072375,Medium,Yes
404,Student_404,Male,Rural,Medium,2.5172416697760776,98.25076847272359,Low,Yes
405,Student_405,Female,Rural,High,2.329412706864592,62.54465228455513,Medium,Yes
406,Student_406,Female,Rural,High,2.660430129742995,83.80131440262738,Low,Yes
407,Student_407,Female,Rural,Medium,3.51350301137727,85.33149349393548,High,Yes
408,Student_408,Female,Urban,High,3.0387717190078747,80.50037085397429,Low,Yes
409,Student_409,Female,Urban,Low,2.4097625483014253,65.64536971068242,Medium,Yes
410,Student_410,Female,Rural,Low,3.7556601563040815,63.554812688203285,Medium,Yes
411,Student_411,Male,Rural,Low,3.759163709903058,79.88341413513515,Medium,Yes
412,Student_412,Female,Rural,Medium,3.741156850092014,93.30478168058457,Low,Yes
413,Student_413,Female,Urban,Low,2.4775924227630783,97.33668644616978,Medium,Yes
414,Student_414,Male,Rural,High,2.902478688361976,55.29529022018788,Medium,Yes
415,Student_415,Male,Rural,Medium,3.96997931228175,57.74143062988599,Medium,Yes
416,Student_416,Male,Rural,High,3.5440249526199805,97.23681293915399,High,No
417,Student_417,Male,Urban,Low,2.0543348424511194,86.82676141673963,High,Yes
418,Student_418,Female,Urban,Low,2.1304091825209843,94.14969124148865,Low,Yes
419,Student_419,Female,Urban,Low,2.9278627536246655,60.13163170676716,Low,Yes
420,Student_420,Female,Urban,Medium,3.8184404117231203,79.3792935554701,Medium,Yes
421,Student_421,Female,Urban,High,3.0774035959054284,85.05697972087368,High,No
422,Student_422,Female,Urban,Medium,2.9956250160685807,84.00559427234863,Medium,Yes
423,Student_423,Female,Urban,Medium,2.210947399913261,70.4075845433349,Medium,Yes
424,Student_424,Male,Urban,Low,3.313560209448588,50.76974458456542,High,Yes
425,Student_425,Female,Rural,Medium,3.6442063212004507,79.14630284021315,High,Yes
426,Student_426,Male,Rural,Medium,2.7608400150151247,62.65507695898044,High,Yes
427,Student_427,Male,Urban,Low,3.551223701850655,72.51271230714451,Low,Yes
428,Student_428,Female,Urban,Medium,3.928953307801623,97.87905075419087,Low,Yes
429,Student_429,Male,Rural,Low,2.407532918255378,69.95176588212173,Medium,Yes
430,Student_430,Female,Urban,Low,3.0466592623894826,91.99008033322133,Low,Yes
431,Student_431,Male,Urban,Low,2.5742759161691513,59.42703028746256,High,Yes
432,Student_432,Female,Urban,Low,3.5857088380676787,83.62302490125144,High,No
433,Student_433,Male,Rural,Medium,3.1551867317623152,98.85034772194717,Low,Yes
434,Student_434,Female,Rural,Low,3.2691648351006073,55.09465504364684,Medium,Yes
435,Student_435,Female,Rural,Low,3.595828319231788,50.4159971113596,Medium,Yes
436,Student_436,Female,Rural,Low,2.7919409453249098,71.67913963163072,Low,Yes
437,Student_437,Female,Rural,Medium,3.8301801368140866,54.63127415256836,Medium,Yes
438,Student_438,Female,Urban,High,3.06605773449228,87.41921748381156,Medium,Yes
439,Student_439,Male,Rural,Medium,2.315909645670696,95.72743319242795,Medium,Yes
440,Student_440,Male,Urban,Medium,3.391798236337605,71.70104863543794,High,Yes
441,Student_441,Male,Urban,High,3.586522700876509,62.93558210777205,High,Yes
442,Student_442,Female,Rural,Low,2.633523354135053,71.72016595033048,Low,Yes
443,Student_443,Male,Rural,Medium,3.7143585139975057,86.17239089250005,High,Yes
444,Student_444,Female,Urban,Medium,3.812286509531533,50.45270807901855,Medium,Yes
445,Student_445,Female,Urban,Medium,2.5538089747556176,79.47269947423486,High,Yes
446,Student_446,Male,Urban,High,3.9670429454304443,80.66458424436895,Low,Yes
447,Student_447,Male,Rural,Medium,2.281423056097517,81.88441234479677,High,Yes
448,Student_448,Female,Rural,Medium,2.40403133680498,62.10110399904386,Medium,Yes
449,Student_449,Male,Rural,Low,2.3684496784760523,85.70263616890634,Low,Yes
450,Student_450,Female,Rural,Low,3.787979420015741,54.56957431658882,Low,Yes
451,Student_451,Female,Rural,High,3.3085851046499237,59.96351682334004,High,Yes
452,Student_452,Female,Urban,Low,2.3042085664445455,93.87350233272409,High,Yes
453,Student_453,Female,Rural,High,2.880646836736698,86.93615753632832,High,Yes
454,Student_454,Female,Urban,High,3.230596050139604,50.687277700567265,Medium,Yes
455,Student_455,Male,Urban,Medium,2.1669281699787666,62.41881301849001,Low,Yes
456,Student_456,Male,Urban,Low,3.7648327368146774,60.720324149658225,High,Yes
457,Student_457,Female,Rural,Medium,3.6072070708830704,63.54031640184863,Medium,Yes
458,Student_458,Female,Rural,Low,3.0104135471532762,62.377988513994325,Medium,Yes
459,Student_459,Male,Rural,High,3.934253230518341,53.126314787142285,Medium,Yes
460,Student_460,Male,Urban,High,2.835521958550199,72.94702582984101,High,Yes
461,Student_461,Female,Urban,Low,3.968220638072996,86.63667373930826,High,No
462,Student_462,Male,Urban,Medium,3.335839997607254,80.33658623587182,High,No
463,Student_463,Female,Urban,Medium,3.269342546507883,83.643583429904,High,No
464,Student_464,Male,Urban,Medium,2.33190979059157,54.05745892681196,High,Yes
465,Student_465,Female,Urban,Medium,3.763855516609288,97.57453550883936,High,No
466,Student_466,Male,Rural,High,2.8549793758412303,91.92459169215124,High,Yes
467,Student_467,Female,Rural,High,2.3244668115649585,90.25451592478314,High,Yes
468,Student_468,Male,Rural,High,2.025215039951518,91.14919025208837,High,Yes
469,Student_469,Male,Rural,High,3.119511367276765,96.63552540663807,Medium,Yes
470,Student_470,Female,Urban,High,3.054799244245353,77.21269830568488,High,No
471,Student_471,Male,Urban,Medium,3.438707244738317,60.0141008933813,Low,Yes
472,Student_472,Female,Rural,Medium,3.7805161060356043,80.83918039262706,Medium,Yes
473,Student_473,Male,Urban,Medium,2.1588131692860593,87.14407468339695,High,Yes
474,Student_474,Female,Rural,Medium,3.462992980680725,86.89586966770128,Low,Yes
475,Student_475,Male,Rural,High,2.3748238881951647,76.072451208344,High,Yes
476,Student_476,Female,Rural,High,3.716354106314328,53.42293596667891,Low,Yes
477,Student_477,Male,Urban,Low,3.6381270277233124,68.5556469215064,Low,Yes
478,Student_478,Female,Rural,Low,3.0815875099710888,96.03833042316786,Low,Yes
479,Student_479,Male,Rural,Medium,3.420485597246623,79.2224454878713,Low,Yes
480,Student_480,Female,Rural,Medium,2.6287002263674966,76.91659716278568,Medium,Yes
481,Student_481,Female,Urban,High,2.9423357978656295,63.44267571910967,Medium,Yes
482,Student_482,Female,Urban,Medium,3.643273795420943,68.42244599582895,Low,Yes
483,Student_483,Male,Rural,Medium,2.918530394346428,94.76730445765847,High,Yes
484,Student_484,Female,Urban,High,2.715596530650884,83.3231523763418,Low,Yes
485,Student_485,Male,Urban,Low,2.9884248945006,89.36935133761665,Medium,Yes
486,Student_486,Female,Urban,Low,3.6564985048744365,72.71727115338275,High,Yes
487,Student_487,Male,Urban,Low,2.6704160947417455,81.5123609728079,Medium,Yes
488,Student_488,Female,Urban,High,2.347523186271488,62.41918043716038,Medium,Yes
489,Student_489,Male,Urban,Medium,3.4240280406615615,85.27304151417431,High,No
490,Student_490,Male,Urban,High,3.651956425416164,71.38006668516687,Low,Yes
491,Student_491,Female,Urban,High,2.2012749570470667,72.12727574073728,Low,Yes
492,Student_492,Male,Urban,Medium,2.4797482255118894,82.46611622884409,Low,Yes
493,Student_493,Male,Urban,Low,2.283943979521988,96.81403107344633,Low,Yes
494,Student_494,Female,Rural,Low,2.6958828231643333,53.20031733043105,High,Yes
495,Student_495,Male,Rural,High,2.900701957810825,91.23716186735038,High,Yes
496,Student_496,Male,Urban,Low,3.4976526739266127,64.61915552060965,High,Yes
497,Student_497,Male,Rural,High,3.3022951697633482,72.1959727253189,Medium,Yes
498,Student_498,Female,Rural,High,3.241857134956862,51.09566643875045,High,Yes
499,Student_499,Male,Urban,Medium,2.704749893219309,65.05230389171565,Low,Yes
500,Student_500,Female,Urban,Medium,3.6828951061695197,75.13156213150653,Medium,Yes
501,Student_501,Male,Urban,Medium,2.942574334796329,52.80880386737195,Low,Yes
502,Student_502,Male,Rural,High,3.958209876030309,74.55478646915826,Low,Yes
503,Student_503,Male,Rural,Medium,3.2682842765914737,96.35553144292138,High,Yes
504,Student_504,Female,Urban,Low,2.2525294831290052,55.26966090539026,High,Yes
505,Student_505,Male,Urban,Low,3.352355124150868,88.22203640377522,Low,Yes
506,Student_506,Male,Urban,High,2.650208030863398,70.48355266879963,Low,Yes
507,Student_507,Female,Rural,High,3.372654393372195,82.7586857262169,Medium,Yes
508,Student_508,Male,Rural,Medium,2.1392822963248115,63.01182989926147,High,Yes
509,Student_509,Female,Rural,High,2.349762874351919,57.97461312706791,Medium,Yes
510,Student_510,Female,Rural,High,3.7114745178115727,58.02313071356132,Medium,Yes
511,Student_511,Male,Urban,Low,2.4543591140470298,53.52459728215723,Medium,Yes
512,Student_512,Female,Urban,Low,3.6740822504858803,59.28233524506215,Low,Yes
513,Student_513,Male,Urban,Medium,2.5585521769088206,83.21096924944841,Medium,Yes
514,Student_514,Female,Urban,High,3.285763820117415,94.08453059217541,Medium,Yes
515,Student_515,Female,Rural,High,3.388301147019662,90.70628427955809,Low,Yes
516,Student_516,Male,Rural,Low,3.025309506290106,84.25671549372422,High,Yes
517,Student_517,Female,Urban,High,2.6106213533934626,55.521593170555136,High,Yes
518,Student_518,Female,Urban,Low,2.4252887527421922,64.45937231479749,Medium,Yes
519,Student_519,Female,Rural,Medium,2.0663787091248524,65.49034376612344,Low,Yes
520,Student_520,Female,Urban,Low,2.6078928024814476,62.49784731988106,High,Yes
521,Student_521,Female,Rural,High,3.3063255810625662,75.75028298548615,Medium,Yes
522,Student_522,Male,Urban,Medium,3.8766096368969656,76.77769074398363,Medium,Yes
523,Student_523,Female,Urban,Low,3.742408964526104,67.84429875855551,Low,Yes
524,Student_524,Male,Urban,Low,3.532129553070605,67.6894579368218,Medium,Yes
525,Student_525,Female,Urban,Medium,3.5768946865065976,91.42777989530407,High,No
526,Student_526,Male,Urban,Medium,3.3299698069519907,89.46464241598429,Low,Yes
527,Student_527,Male,Urban,Low,2.520573715132006,65.38979158403728,High,Yes
528,Student_528,Female,Urban,High,3.8143900614116597,95.68942219366296,High,No
529,Student_529,Female,Rural,Low,3.3414646238116683,97.6407508501253,High,Yes
530,Student_530,Female,Rural,Medium,3.12088126196088,66.33712710150203,Medium,Yes
531,Student_531,Male,Rural,Low,2.221978938426962,67.72124743965274,Medium,Yes
532,Student_532,Female,Rural,Medium,2.894111087612851,75.28170767109793,High,Yes
533,Student_533,Male,Rural,Medium,2.9207165424038526,97.05604062668368,High,Yes
534,Student_534,Male,Urban,High,3.72912721904534,93.81597165711557,Low,Yes
535,Student_535,Male,Urban,Medium,3.093296440375577,55.12839812917949,Low,Yes
536,Student_536,Female,Rural,Medium,2.7608010979408193,69.63653716357081,Medium,Yes
537,Student_537,Female,Urban,High,3.953600657021319,77.6685594874886,Medium,Yes
538,Student_538,Male,Rural,Medium,2.2214411866526316,75.156623627577,Low,Yes
539,Student_539,Male,Rural,Low,2.845096856623889,59.693153396844636,Low,Yes
540,Student_540,Female,Urban,High,2.0840493503428106,92.94083855840773,Medium,Yes
541,Student_541,Male,Urban,Medium,3.4798082415338607,83.84703914984186,High,No
542,Student_542,Female,Urban,Medium,3.836153104398301,91.89541874259018,Low,Yes
543,Student_543,Male,Rural,Low,2.560074659100979,92.93821396747362,Medium,Yes
544,Student_544,Female,Urban,Low,3.716683353598242,87.41779268328699,Low,Yes
545,Student_545,Male,Rural,Low,2.5844364609237953,71.96053006248587,Low,Yes
546,Student_546,Female,Rural,Medium,3.8215403232878304,80.52733775077122,Medium,Yes
547,Student_547,Male,Rural,Low,3.507923807193568,58.01827030598716,Low,Yes
548,Student_548,Female,Urban,High,3.6098135536828773,83.68227087374538,Medium,Yes
549,Student_549,Female,Urban,Low,2.036013111200909,58.96266278696404,Low,Yes
550,Student_550,Male,Rural,High,3.925620714148052,84.69747952550784,Medium,Yes
551,Student_551,Male,Urban,Medium,3.4533419841406463,61.479908037698436,High,Yes
552,Student_552,Female,Urban,Medium,2.6095021907722664,55.877565007510995,High,Yes
553,Student_553,Male,Urban,High,3.6587893297176937,58.26422450714787,High,Yes
554,Student_554,Female,Rural,Medium,2.56304239682986,50.09960676095351,Medium,Yes
555,Student_555,Male,Rural,Medium,3.745507679132256,85.9369808926765,Medium,Yes
556,Student_556,Female,Urban,Medium,2.225160780823874,86.62005245291896,High,Yes
557,Student_557,Female,Rural,Medium,3.4073719549215915,75.74666749566298,High,Yes
558,Student_558,Female,Urban,High,3.0813969532898207,58.06814005276918,Low,Yes
559,Student_559,Female,Urban,Low,2.193068940390882,54.177716875534486,Low,Yes
560,Student_560,Female,Urban,Low,2.483787656517678,50.95644832186435,Low,Yes
561,Student_561,Female,Urban,Medium,2.0248080725546296,58.28740884826104,High,Yes
562,Student_562,Male,Rural,Low,2.9375359309290117,94.54277674915733,High,Yes
563,Student_563,Male,Rural,Low,2.6025305215200008,62.07684208508409,High,Yes
564,Student_564,Male,Rural,Medium,3.1967149685955176,67.71356636086078,Low,Yes
565,Student_565,Female,Urban,Medium,2.5944756154172346,55.26727422406666,Medium,Yes
566,Student_566,Female,Urban,Low,2.599838223013969,61.118065237408516,High,Yes
567,Student_567,Female,Urban,High,3.4863863974632068,75.96122853901025,Medium,Yes
568,Student_568,Female,Rural,Low,2.096285671956707,80.38763415478263,Low,Yes
569,Student_569,Male,Urban,High,3.8057899903839747,62.26761570831055,Medium,Yes
570,Student_570,Male,Rural,Low,3.704527748782363,52.88660796125586,Low,Yes
571,Student_571,Female,Rural,Medium,3.335609366452813,69.55164345636993,Medium,Yes
572,Student_572,Male,Rural,High,3.1864431402147684,61.71016854631671,High,Yes
573,Student_573,Male,Rural,Medium,3.7846049962793042,60.9776961614901,Low,Yes
574,Student_574,Female,Rural,Low,2.370660359057429,97.99314013567276,High,Yes
575,Student_575,Male,Rural,High,2.1579383243816572,80.8150242962862,High,Yes
576,Student_576,Female,Urban,Low,2.479020339819076,77.8439221586048,Low,Yes
577,Student_577,Male,Urban,Low,3.5891565574003805,70.78875517616609,High,Yes
578,Student_578,Female,Rural,Medium,2.0693405334529666,71.44721667150722,High,Yes
579,Student_579,Female,Rural,High,3.1656136701669793,77.04525019190405,Low,Yes
580,Student_580,Female,Urban,Low,3.99087503238262,84.82149035180535,High,No
581,Student_581,Female,Rural,Low,3.711392187675079,85.10730480909147,Low,Yes
582,Student_582,Male,Rural,High,3.042891378087179,58.58469538527248,High,Yes
583,Student_583,Female,Urban,Low,2.1272818185732847,75.00563760383135,Medium,Yes
584,Student_584,Female,Rural,Low,3.6627470287714194,70.5979047517051,High,Yes
585,Student_585,Female,Rural,High,3.197957016354421,93.52634831346921,Low,Yes
586,Student_586,Male,Rural,High,2.229865994119134,81.57094606091883,Low,Yes
587,Student_587,Female,Urban,High,2.1877145696467126,76.62520332079909,High,Yes
588,Student_588,Male,Urban,High,3.819253638873185,55.76973210894587,Low,Yes
589,Student_589,Female,Urban,Medium,3.338400525876157,80.28189446617057,High,No
590,Student_590,Male,Rural,High,3.6585735986335113,55.860195284011674,Low,Yes
591,Student_591,Male,Rural,Medium,3.757957800564535,66.8603287782876,Medium,Yes
592,Student_592,Female,Urban,Medium,3.1435447040966444,57.14209824071659,High,Yes
593,Student_593,Male,Rural,Medium,3.0348927035100823,84.60368235121845,Medium,Yes
594,Student_594,Female,Rural,Low,2.8608548206419804,60.31260569180763,Medium,Yes
595,Student_595,Female,Rural,Medium,2.6338931755822386,69.5929686594013,High,Yes
596,Student_596,Female,Rural,Medium,2.8691919217174235,94.78373888093893,Medium,Yes
597,Student_597,Male,Rural,Low,3.5477593114603128,60.21581916994852,High,Yes
598,Student_598,Male,Urban,Low,3.203846862030263,75.39025319793896,Medium,Yes
599,Student_599,Female,Rural,Low,3.785046579909692,70.9635830583011,High,Yes
600,Student_600,Female,Urban,High,2.8867600287583755,50.90620205228649,High,Yes
601,Student_601,Male,Rural,Low,3.214179157437508,89.63790567864064,Low,Yes
602,Student_602,Female,Urban,Low,3.2626151061839774,53.452295315729984,High,Yes
603,Student_603,Female,Rural,Medium,3.1833943246126513,73.71275104884768,High,Yes
604,Student_604,Female,Urban,Low,3.4052675461710327,78.03391474694749,Medium,Yes
605,Student_605,Male,Rural,High,2.4748669367496126,81.42132283072935,High,Yes
606,Student_606,Male,Urban,Low,3.024727555091581,84.43158146539378,Low,Yes
607,Student_607,Male,Rural,High,2.2084496056166953,62.663619176135754,Medium,Yes
608,Student_608,Female,Urban,Low,2.769022655289625,50.49893883292247,Medium,Yes
609,Student_609,Female,Rural,Low,2.9753341372425286,86.17218311774559,Low,Yes
610,Student_610,Female,Urban,Low,3.304448519090945,76.78282996737893,Medium,Yes
611,Student_611,Male,Urban,Low,3.9010621051724073,91.80588516036244,Medium,Yes
612,Student_612,Female,Rural,High,3.2013021330967115,91.06941814503472,Medium,Yes
613,Student_613,Female,Rural,High,3.4871878323531194,92.16630838939416,Medium,Yes
614,Student_614,Female,Urban,Medium,3.0125321189904053,74.254732998977,Low,Yes
615,Student_615,Female,Rural,High,3.2682080627526626,66.68141979184328,Low,Yes
616,Student_616,Male,Urban,Low,2.141864432267547,89.5779101295685,Medium,Yes
617,Student_617,Male,Urban,Medium,2.508783161683694,72.56470565146275,Medium,Yes
618,Student_618,Female,Urban,Medium,2.7237061864102774,59.17210982017173,Low,Yes
619,Student_619,Male,Rural,Medium,2.944986710013027,92.74870097807371,Low,Yes
620,Student_620,Male,Urban,Low,2.0912974910047675,94.12799383861736,Low,Yes
621,Student_621,Female,Urban,High,2.2800481951066356,73.31548780700851,Medium,Yes
622,Student_622,Female,Rural,Low,2.5536286155826113,53.784986365489374,Medium,Yes
623,Student_623,Male,Rural,Medium,3.9430653818021013,69.39130449584655,High,Yes
624,Student_624,Female,Rural,Low,2.6626940142061013,90.17688297313018,Low,Yes
625,Student_625,Male,Rural,Low,2.964082116224165,95.08870142731143,Medium,Yes
626,Student_626,Female,Urban,High,2.392195425476786,60.17363712487979,Low,Yes
627,Student_627,Male,Urban,High,3.2215601421515365,53.348680601263574,Medium,Yes
628,Student_628,Female,Urban,Low,2.5613664310319484,93.86752265664194,Low,Yes
629,Student_629,Male,Urban,Low,2.4139851568768536,69.47024694894377,Medium,Yes
630,Student_630,Male,Rural,Low,3.033145256891958,77.08804821337816,High,Yes
631,Student_631,Male,Urban,High,2.0110115983208416,98.40329060253794,High,Yes
632,Student_632,Female,Urban,Low,2.0153280652984504,53.328236395711144,Low,Yes
633,Student_633,Male,Rural,Low,2.4381376182037156,82.41590037260478,Low,Yes
634,Student_634,Male,Urban,Low,2.0734427250016423,53.705271128743355,Medium,Yes
635,Student_635,Female,Urban,High,2.2160515082613825,68.77344642332503,Low,Yes
636,Student_636,Female,Urban,Medium,2.677721298677503,90.19072725967234,Medium,Yes
637,Student_637,Male,Urban,Medium,3.605171359159626,71.67361163778172,Low,Yes
638,Student_638,Male,Urban,Low,3.1440972867386017,99.85911769514752,Medium,Yes
639,Student_639,Female,Urban,Medium,3.0253354519128326,77.9529642473301,Low,Yes
640,Student_640,Female,Rural,High,2.5869776464162433,66.05810763179767,Medium,Yes
641,Student_641,Female,Rural,High,3.863507438865633,61.00556629523766,Low,Yes
642,Student_642,Female,Urban,Medium,2.794030082474383,67.52602671430809,Medium,Yes
643,Student_643,Female,Urban,Medium,2.174185533591543,68.62666368797754,High,Yes
644,Student_644,Male,Rural,Low,3.2341330322356026,53.43568388619805,Medium,Yes
645,Student_645,Female,Urban,Low,2.227676786953203,68.47870997133866,Low,Yes
646,Student_646,Male,Urban,Low,2.690446285603384,73.21192598696125,High,Yes
647,Student_647,Male,Urban,Low,3.0148238774356177,86.13688761194024,Medium,Yes
648,Student_648,Male,Rural,High,3.7484450493703516,82.83647423608039,High,No
649,Student_649,Female,Urban,High,2.9870931606802373,85.43828276145771,Medium,Yes
650,Student_650,Male,Rural,High,3.4045175320633287,50.418184093842854,High,Yes
651,Student_651,Male,Urban,High,3.9856336779981407,60.8833699790268,Low,Yes
652,Student_652,Female,Rural,Medium,2.262978239795963,83.08421441999283,Medium,Yes
653,Student_653,Male,Rural,High,2.549463051039039,74.19946840898736,Medium,Yes
654,Student_654,Male,Urban,Medium,2.789152151195293,50.2656737834173,Low,Yes
655,Student_655,Female,Rural,High,2.8436563570776627,90.22473212159112,High,Yes
656,Student_656,Male,Urban,Medium,2.8220421505310913,88.64047866451688,Low,Yes
657,Student_657,Male,Rural,Low,3.81522200511311,77.42095814967813,Low,Yes
658,Student_658,Male,Urban,Medium,3.4280652889337127,53.3231662888136,High,Yes
659,Student_659,Female,Urban,Low,3.2158104281814075,88.32575247662923,Low,Yes
660,Student_660,Female,Rural,High,2.618745435725564,79.1856793865682,Medium,Yes
661,Student_661,Female,Urban,Medium,3.647580768442589,89.09799885789795,Medium,Yes
662,Student_662,Male,Urban,Low,3.910121022969978,87.58734961979202,Medium,Yes
663,Student_663,Male,Rural,Low,3.6423965651004533,90.15010359789186,Low,Yes
664,Student_664,Female,Urban,High,2.003130210382946,75.90040332023125,Medium,Yes
665,Student_665,Male,Urban,Low,3.272802740366814,57.01622590967575,Medium,Yes
666,Student_666,Male,Rural,Medium,2.1022707628842014,83.55787366898443,Medium,Yes
667,Student_667,Female,Rural,Low,2.5152144406674437,81.02368925259853,Medium,Yes
668,Student_668,Female,Urban,High,2.1190494006955434,87.11265935995436,Medium,Yes
669,Student_669,Male,Urban,Medium,3.2075909058987753,58.49405030253676,Medium,Yes
670,Student_670,Male,Rural,High,3.3731798269852136,59.74875999501446,Low,Yes
671,Student_671,Male,Rural,Medium,2.22897527613181,94.52047586096643,Medium,Yes
672,Student_672,Female,Urban,Low,2.767677766089959,87.49888992260354,Medium,Yes
673,Student_673,Female,Rural,Low,2.912473017911084,95.41142443501614,Low,Yes
674,Student_674,Female,Urban,High,2.7381060435218334,87.93576605819604,Low,Yes
675,Student_675,Female,Urban,Medium,2.2420500009703863,79.8577652995151,Low,Yes
676,Student_676,Male,Urban,High,2.837895580374951,82.70663685139368,Low,Yes
677,Student_677,Female,Urban,Medium,3.502356095616836,94.45639619700049,Low,Yes
678,Student_678,Female,Urban,Medium,2.1420153290665107,78.94033772559703,Medium,Yes
679,Student_679,Female,Rural,Medium,2.160360028163807,81.61956621641937,Medium,Yes
680,Student_680,Female,Rural,Medium,2.7095425836719684,57.82383580018003,High,Yes
681,Student_681,Female,Rural,Low,3.88345142323785,73.69606100580513,High,Yes
682,Student_682,Male,Rural,Medium,3.337145293445828,85.81985559790495,Low,Yes
683,Student_683,Male,Urban,High,3.35733991334513,63.54713491581827,High,Yes
684,Student_684,Female,Urban,Low,2.72383998167573,60.112709026226746,High,Yes
685,Student_685,Male,Urban,High,3.187321582417077,65.69134041122078,Low,Yes
686,Student_686,Female,Urban,Low,2.0202623680554868,62.075031399641674,Low,Yes
687,Student_687,Female,Rural,Medium,3.2721920928190844,60.745631851819795,High,Yes
688,Student_688,Male,Urban,Low,3.8265738951524737,71.24254214340435,Medium,Yes
689,Student_689,Male,Urban,Low,3.2251469366896384,95.3919256941767,High,No
690,Student_690,Female,Rural,High,3.74739718693269,75.35298233693591,High,No
691,Student_691,Female,Rural,High,3.447946110932188,59.39601904076615,Medium,Yes
692,Student_692,Female,Rural,Medium,2.2411168328073803,53.8485834690437,Medium,Yes
693,Student_693,Male,Rural,Low,3.804906614571683,84.80780725689627,Low,Yes
694,Student_694,Female,Urban,Low,2.1328876887115498,69.13993822181939,Low,Yes
695,Student_695,Female,Urban,Low,3.0679349450955273,91.09154732926797,High,No
696,Student_696,Female,Rural,Medium,2.2842742475869153,82.97553843203852,Medium,Yes
697,Student_697,Male,Urban,Medium,2.023413221461808,89.81207252706842,Low,Yes
698,Student_698,Female,Urban,Medium,2.844068520255278,63.59730197092244,High,Yes
699,Student_699,Female,Urban,Medium,2.5900814153083127,84.6179461230529,Medium,Yes
700,Student_700,Male,Rural,Medium,2.972000987595206,63.203099234685936,High,Yes
701,Student_701,Female,Urban,High,3.154399773469102,96.95342397251457,Low,Yes
702,Student_702,Female,Rural,Low,2.0874781446178945,81.81871407666873,Low,Yes
703,Student_703,Male,Urban,Low,2.2460065902474913,66.2255900087671,Medium,Yes
704,Student_704,Female,Urban,Low,3.1172847929008505,63.47559311461363,High,Yes
705,Student_705,Male,Urban,Low,2.6863347063453165,59.54632925358217,Medium,Yes
706,Student_706,Male,Rural,Low,3.458346975098896,84.7320479446864,Low,Yes
707,Student_707,Female,Urban,Low,3.3045832971838793,60.935780649896365,Low,Yes
708,Student_708,Female,Rural,Low,3.6912087259798136,79.76516329637445,High,Yes
709,Student_709,Female,Rural,Low,3.3849856533384504,63.23175134626787,High,Yes
710,Student_710,Female,Rural,High,2.8598621547802963,83.09844723969343,High,Yes
711,Student_711,Male,Urban,Low,3.345933244788865,90.74698642702697,Medium,Yes
712,Student_712,Female,Urban,High,2.550762348510837,88.90126215723265,High,Yes
713,Student_713,Male,Urban,Medium,2.6126269975564256,88.04256654653909,High,Yes
714,Student_714,Female,Urban,Low,3.5779703198415866,59.3861202846126,Low,Yes
715,Student_715,Female,Rural,Medium,2.892839032803164,54.419247349225934,Low,Yes
716,Student_716,Female,Rural,Medium,3.596760681036705,84.94744142436929,High,Yes
717,Student_717,Male,Rural,Medium,3.644844747336557,68.41736068971757,High,Yes
718,Student_718,Female,Urban,High,3.7151246753225675,71.61731132016736,Low,Yes
719,Student_719,Female,Rural,Medium,3.8332704716824146,51.55745463966955,High,Yes
720,Student_720,Female,Urban,Medium,2.8619704410265925,62.97882246375246,Medium,Yes
721,Student_721,Female,Rural,Medium,2.6377336366422774,51.6838201937232,Medium,Yes
722,Student_722,Male,Urban,Low,3.1643974931882277,93.95928863006239,Medium,Yes
723,Student_723,Female,Urban,Low,2.7423448468752554,62.16983416092653,High,Yes
724,Student_724,Male,Rural,High,3.2021483336004657,77.8668584786504,Low,Yes
725,Student_725,Male,Rural,High,3.411171725287649,51.94896603305652,High,Yes
726,Student_726,Male,Rural,Low,3.3768100369842737,83.3423695652829,High,Yes
727,Student_727,Male,Rural,High,2.7491057740402427,66.15136728770469,Low,Yes
728,Student_728,Male,Urban,Low,2.3337204033975056,94.89595934788329,Low,Yes
729,Student_729,Male,Rural,Medium,2.861058676924415,94.4059094467018,Low,Yes
730,Student_730,Female,Rural,Medium,2.2851882881638175,66.26453091808739,Medium,Yes
731,Student_731,Male,Rural,High,3.7801940703676165,95.0480447845234,High,No
732,Student_732,Male,Urban,Low,2.691754921475715,99.80788367493895,Low,Yes
733,Student_733,Male,Urban,Low,2.3089194944466476,91.2707832061974,High,Yes
734,Student_734,Female,Rural,High,2.050895519811502,92.24356738776146,Medium,Yes
735,Student_735,Female,Urban,Low,3.2916447725729685,62.450436805454494,Low,Yes
736,Student_736,Male,Rural,Low,3.2738046349094865,78.83511994288781,Low,Yes
737,Student_737,Female,Urban,High,2.6812083331625836,53.362795698368394,Low,Yes
738,Student_738,Male,Urban,High,2.1434237776953022,54.745896841083486,High,Yes
739,Student_739,Male,Urban,Low,2.819257789790464,99.94463060166453,Low,Yes
740,Student_740,Female,Urban,High,2.622434990126787,66.33196247129555,High,Yes
741,Student_741,Male,Rural,Low,3.3542412794700187,87.40919560244231,Low,Yes
742,Student_742,Female,Rural,Low,3.2115584989053807,90.33325265134081,High,Yes
743,Student_743,Female,Rural,Low,2.72918745639508,92.90116355036146,High,Yes
744,Student_744,Male,Urban,Low,2.43578510850998,99.88141487010782,High,Yes
745,Student_745,Male,Rural,Low,3.976071932311184,62.07482426284339,High,Yes
746,Student_746,Female,Rural,High,2.9080032423922297,52.017541342984984,Medium,Yes
747,Student_747,Male,Rural,Medium,3.376548471560474,70.5595758997293,High,Yes
748,Student_748,Male,Urban,Medium,2.2811059351567216,56.504033491447345,Low,Yes
749,Student_749,Male,Urban,High,2.9711793993187956,51.12129445810275,Medium,Yes
750,Student_750,Female,Urban,High,2.0550734397389308,68.0213413570743,Medium,Yes
751,Student_751,Female,Rural,Medium,3.0109102358208997,89.18691255376183,High,Yes
752,Student_752,Male,Rural,Medium,3.9280348142354047,78.30903456125354,Medium,Yes
753,Student_753,Female,Rural,Low,2.7684134259716005,65.6388994605177,Low,Yes
754,Student_754,Female,Urban,Medium,2.077992025149823,82.71710027463598,Low,Yes
755,Student_755,Female,Urban,Medium,2.061911581838687,61.600909015440536,High,Yes
756,Student_756,Female,Rural,Low,2.775973519893739,50.71907230360425,Medium,Yes
757,Student_757,Female,Urban,High,2.320049872926388,88.21766932182138,Low,Yes
758,Student_758,Male,Urban,Low,2.046704192656372,81.18715424320045,High,Yes
759,Student_759,Male,Urban,Medium,3.5124272279003534,88.115131225048,Low,Yes
760,Student_760,Male,Urban,Medium,2.9170460177637816,51.94690083438328,Low,Yes
761,Student_761,Female,Rural,Medium,2.578489543945309,91.85598139153261,Medium,Yes
762,Student_762,Female,Urban,Low,3.800166366032961,80.97631000181516,Low,Yes
763,Student_763,Male,Urban,Low,2.232277920401051,78.169767535632,Medium,Yes
764,Student_764,Female,Urban,Medium,3.911837657910638,81.23070240572657,Low,Yes
765,Student_765,Male,Urban,Low,2.6279334347547056,93.2216623434182,High,Yes
766,Student_766,Male,Rural,Low,3.7768073446173624,79.34682532794535,Low,Yes
767,Student_767,Male,Rural,Medium,3.205885752958923,79.04751899440896,High,Yes
768,Student_768,Female,Urban,Low,3.653414719482975,99.53395785328829,High,No
769,Student_769,Female,Urban,High,3.9680263264209286,87.8365083534284,Low,Yes
770,Student_770,Male,Urban,High,2.5768108756374914,72.11469027255677,High,Yes
771,Student_771,Male,Urban,High,3.9222709708151857,85.36985000164638,Low,Yes
772,Student_772,Male,Urban,High,2.7789637898048407,69.46152358458943,Low,Yes
773,Student_773,Male,Urban,Medium,2.771023809473845,61.44377312417495,High,Yes
774,Student_774,Female,Rural,Medium,2.6807742085090114,79.84259384438798,High,Yes
775,Student_775,Female,Urban,Medium,3.08281521469517,96.40910490569757,Medium,Yes
776,Student_776,Male,Rural,High,2.3082900863569744,96.45697600077314,High,Yes
777,Student_777,Male,Rural,High,3.1074229707160224,67.09526390527452,Medium,Yes
778,Student_778,Female,Urban,Low,3.083409624820008,76.38387331108476,High,No
779,Student_779,Female,Rural,Low,3.52380362520974,60.58179492849306,Low,Yes
780,Student_780,Male,Rural,High,3.667299923875171,99.78155547494417,High,No
781,Student_781,Male,Rural,High,2.880882700624848,99.05589539339678,Low,Yes
782,Student_782,Male,Rural,High,2.6046664987029873,82.47544648537237,Low,Yes
783,Student_783,Female,Rural,High,2.5186697946341887,90.22070298387368,Low,Yes
784,Student_784,Female,Rural,Low,2.389247673409744,85.755008064185,Medium,Yes
785,Student_785,Female,Urban,High,2.1152951643980495,79.6579109519734,High,Yes
786,Student_786,Male,Rural,Low,2.6848959576694265,52.667399849444884,Low,Yes
787,Student_787,Male,Rural,High,2.5404953842615665,72.73821712763305,Low,Yes
788,Student_788,Female,Rural,Low,3.9328347717328147,83.73931510837053,Low,Yes
789,Student_789,Female,Urban,High,3.1154176525000876,83.87658069418424,High,No
790,Student_790,Male,Rural,Low,2.694554078061015,68.65613092111917,High,Yes
791,Student_791,Female,Urban,Low,3.160935201987392,97.08459933290152,Medium,Yes
792,Student_792,Female,Rural,Medium,2.278393402691391,58.36785161183905,Medium,Yes
793,Student_793,Male,Urban,High,2.888087498404406,75.01797231077803,High,Yes
794,Student_794,Female,Urban,Medium,3.2524686428421274,84.54419882754114,Medium,Yes
795,Student_795,Male,Rural,Medium,2.977795663584903,84.85679029459047,High,Yes
796,Student_796,Male,Rural,Low,2.8035576013086487,82.43194783844078,High,Yes
797,Student_797,Male,Urban,Low,3.987696777799396,63.76441067259301,Low,Yes
798,Student_798,Male,Rural,Medium,3.760629524297854,57.8103284343311,Low,Yes
799,Student_799,Male,Urban,High,3.2468119163188804,81.79701634133554,High,No
800,Student_800,Male,Urban,Low,3.1387547223645655,79.96510580697189,High,No
801,Student_801,Male,Urban,High,3.241320959649168,58.96780051446205,High,Yes
802,Student_802,Female,Urban,High,2.4026242156448667,85.25695727852818,High,Yes
803,Student_803,Male,Urban,Medium,2.790275486528637,72.75859958668282,High,Yes
804,Student_804,Male,Rural,Medium,2.0789190657817986,83.38802958015765,High,Yes
805,Student_805,Female,Urban,Medium,2.951092074973653,91.86835398850754,Medium,Yes
806,Student_806,Female,Urban,Medium,3.086049167915326,58.48642142884616,High,Yes
807,Student_807,Female,Rural,Low,2.4554994722064194,50.957243399841836,Medium,Yes
808,Student_808,Male,Urban,Low,3.9280576943310272,88.95512931978934,Medium,Yes
809,Student_809,Female,Rural,Medium,3.818909221874484,80.4848712576308,High,Yes
810,Student_810,Male,Rural,Low,3.4442864709118117,84.98197848110608,High,Yes
811,Student_811,Male,Rural,Medium,3.066773257530725,91.90774874943213,Medium,Yes
812,Student_812,Male,Urban,High,3.73993831929537,90.14054674122502,Medium,Yes
813,Student_813,Male,Urban,High,2.261304687646926,98.04600734644123,High,Yes
814,Student_814,Female,Urban,High,3.58101958854977,76.7967539426059,High,No
815,Student_815,Female,Rural,Medium,2.2496416279336966,74.42478163299526,Medium,Yes
816,Student_816,Male,Urban,High,3.588421325098811,70.0943599945365,Medium,Yes
817,Student_817,Male,Rural,Low,2.551535136502714,57.68455214221023,Medium,Yes
818,Student_818,Male,Urban,Low,3.754181162036378,78.63036164410113,Low,Yes
819,Student_819,Female,Rural,High,3.8880841876507954,63.85062621629894,Medium,Yes
820,Student_820,Male,Urban,High,2.297591938810231,96.06537561064877,Low,Yes
821,Student_821,Male,Urban,Low,2.925351210130787,79.15954021385488,High,Yes
822,Student_822,Female,Urban,Medium,3.96197475632537,79.64200902540551,High,No
823,Student_823,Female,Rural,Low,2.9668148719462932,67.74623304385051,Medium,Yes
824,Student_824,Male,Rural,Medium,3.72709504502909,52.599467598885376,High,Yes
825,Student_825,Female,Urban,Medium,3.1774630442626397,51.58718826864943,High,Yes
826,Student_826,Female,Urban,High,2.750659815839204,71.16675720765987,High,Yes
827,Student_827,Male,Rural,Medium,2.57156711105174,54.22826890486189,High,Yes
828,Student_828,Female,Rural,Low,2.4064461821721745,80.34234777700695,Low,Yes
829,Student_829,Male,Rural,Low,3.5235963827553944,94.04865028198287,Low,Yes
830,Student_830,Female,Urban,Medium,2.7730810136460557,94.14574082593612,Medium,Yes
831,Student_831,Male,Rural,High,3.0225509244015023,82.95227050661163,Medium,Yes
832,Student_832,Male,Urban,High,2.984650960002364,60.56159157364655,Medium,Yes
833,Student_833,Male,Rural,Low,3.1545580584662627,93.14984156794361,High,Yes
834,Student_834,Female,Urban,High,3.7311542912491045,94.3046717656604,High,No
835,Student_835,Male,Rural,Medium,3.961478687166859,59.83267924764793,Low,Yes
836,Student_836,Female,Rural,Medium,2.8151684171476337,86.87130428853386,Low,Yes
837,Student_837,Male,Rural,Low,3.655037844212606,64.32597744635615,Medium,Yes
838,Student_838,Male,Rural,Medium,3.5290555893094355,90.13201561764649,Low,Yes
839,Student_839,Female,Rural,Low,3.1470579029111465,99.86189499518014,Low,Yes
840,Student_840,Male,Urban,Medium,3.912094287223866,51.50130026646964,Low,Yes
841,Student_841,Male,Rural,Low,2.400949031056806,94.86829328954659,Low,Yes
842,Student_842,Female,Rural,Low,2.2185284206192426,81.1315266799329,Low,Yes
843,Student_843,Male,Rural,Medium,3.7079239339108443,98.66913095824106,Medium,Yes
844,Student_844,Male,Urban,Medium,2.8782996332674964,73.25047587632139,Medium,Yes
845,Student_845,Male,Rural,Low,3.693937708414121,92.36939652856869,Low,Yes
846,Student_846,Male,Urban,Low,3.7861804103908296,53.11970342991386,Medium,Yes
847,Student_847,Female,Rural,Medium,2.124915187238143,66.7639525039148,High,Yes
848,Student_848,Female,Rural,Low,3.766929525972121,53.3508268875605,Low,Yes
849,Student_849,Male,Urban,Medium,2.896638110738844,98.76715667395354,High,Yes
850,Student_850,Female,Rural,High,3.0208649780084644,90.84869536359184,Medium,Yes
851,Student_851,Male,Urban,Low,3.2531850221864205,92.62737106229852,Medium,Yes
852,Student_852,Female,Urban,Low,3.8527652134601738,96.89826157169472,Low,Yes
853,Student_853,Male,Rural,High,2.038232188859528,54.25517430598927,Medium,Yes
854,Student_854,Male,Urban,High,2.953686936635634,69.27987962566667,Low,Yes
855,Student_855,Male,Rural,Medium,3.3754440848611216,53.551744452200104,High,Yes
856,Student_856,Male,Rural,Low,3.4454139153964567,60.53965507750143,Low,Yes
857,Student_857,Male,Urban,Medium,3.385064863074216,61.468288851883614,High,Yes
858,Student_858,Male,Urban,High,2.2688702588162437,73.45536055237893,Medium,Yes
859,Student_859,Female,Urban,Medium,2.5987911767433625,63.42810837268213,High,Yes
860,Student_860,Male,Urban,Low,2.717431050834027,55.048905340888055,High,Yes
861,Student_861,Female,Rural,High,3.60887441535901,58.37455445470539,Low,Yes
862,Student_862,Male,Rural,Medium,2.557519744829106,57.363778177604544,Medium,Yes
863,Student_863,Female,Urban,Low,2.4214099277344063,98.65383989561491,Low,Yes
864,Student_864,Female,Rural,High,3.9148960380761926,87.96462534592368,Medium,Yes
865,Student_865,Female,Rural,Low,2.017726570226938,98.3880732634781,Low,Yes
866,Student_866,Male,Rural,High,3.995641711363956,71.98702432539542,High,Yes
867,Student_867,Male,Rural,Medium,3.3536425977147912,63.918424083132834,Low,Yes
868,Student_868,Female,Urban,Low,3.6569385988982344,89.91465986045932,Medium,Yes
869,Student_869,Male,Urban,High,2.5892387926923863,66.31269590205734,Medium,Yes
870,Student_870,Female,Rural,Low,2.0286305553341197,64.96916868526742,High,Yes
871,Student_871,Male,Urban,Low,3.47573903712306,61.62529961039156,Medium,Yes
872,Student_872,Female,Urban,Medium,3.6682891940013516,56.48394891121177,Low,Yes
873,Student_873,Female,Urban,Low,3.4809522639070383,62.8231530508383,High,Yes
874,Student_874,Male,Rural,High,2.285700574601677,67.76598742369438,Medium,Yes
875,Student_875,Female,Rural,High,3.506855844513938,83.69971040728652,Medium,Yes
876,Student_876,Male,Rural,High,3.537845564215282,53.12824211097258,Low,Yes
877,Student_877,Female,Urban,High,3.31708103134011,60.52534698326715,Low,Yes
878,Student_878,Female,Rural,Medium,3.5322318655911724,90.45118201458382,High,Yes
879,Student_879,Male,Rural,Low,3.6918428793554643,57.346096179188535,Medium,Yes
880,Student_880,Male,Urban,Medium,3.227208228474917,67.13225732612608,Low,Yes
881,Student_881,Male,Rural,Low,2.177209427939358,93.23294609290701,High,Yes
882,Student_882,Female,Rural,Low,2.9752556193344217,57.74626555717213,Medium,Yes
883,Student_883,Male,Urban,Low,2.1552986693432103,54.13684178090949,Medium,Yes
884,Student_884,Female,Urban,Medium,2.8150860620648617,74.22689975400054,High,Yes
885,Student_885,Female,Urban,Low,2.8142129782512555,65.12097556392682,High,Yes
886,Student_886,Male,Rural,Medium,2.132019688280483,78.1704182241927,Low,Yes
887,Student_887,Male,Rural,High,2.6976410679389584,90.19024452417375,Medium,Yes
888,Student_888,Female,Rural,High,2.2219961975826297,56.857424407637154,Medium,Yes
889,Student_889,Female,Urban,Low,3.6164704200184445,79.03495422771425,Medium,Yes
890,Student_890,Male,Urban,Medium,3.8953760519289418,75.2754380194932,High,No
891,Student_891,Male,Rural,High,2.144632950515877,57.20393930065998,Low,Yes
892,Student_892,Male,Rural,Low,3.9102304145834026,81.19992427644912,Low,Yes
893,Student_893,Male,Urban,Medium,3.04515319867349,63.68202089303858,High,Yes
894,Student_894,Male,Urban,Low,2.5991313559077476,74.39171592720062,Medium,Yes
895,Student_895,Female,Urban,High,2.153724150552327,54.11361621385309,Low,Yes
896,Student_896,Female,Urban,Low,3.0012485361408356,72.97920286068116,Medium,Yes
897,Student_897,Female,Rural,Low,3.589031088981497,65.32317340214101,Low,Yes
898,Student_898,Female,Urban,High,3.414172954533396,91.11906055926772,Low,Yes
899,Student_899,Male,Rural,High,2.1004520229279473,52.84893634986842,Medium,Yes
900,Student_900,Male,Rural,Medium,2.1458036707358072,70.9303637459165,Medium,Yes
901,Student_901,Male,Rural,High,2.805746565265274,72.9215712065719,Low,Yes
902,Student_902,Female,Urban,Medium,2.5905809880958865,86.25030381495594,High,Yes
903,Student_903,Female,Urban,Medium,2.4647686461120957,78.71437875451055,Low,Yes
904,Student_904,Male,Urban,Medium,2.5620089978174274,83.36061685970905,Medium,Yes
905,Student_905,Male,Urban,High,3.6069654865937695,88.8524642825878,Medium,Yes
906,Student_906,Female,Rural,Low,3.8584561072637076,93.11014868290944,High,Yes
907,Student_907,Female,Urban,Medium,2.810205389055133,65.69377483612352,Low,Yes
908,Student_908,Male,Urban,Low,3.812222004264994,76.90113526819515,Low,Yes
909,Student_909,Male,Rural,Low,2.642991402495764,92.00540392196,Low,Yes
910,Student_910,Female,Urban,High,2.9528739726875832,99.47255654825283,Medium,Yes
911,Student_911,Male,Rural,Low,2.4520579956319994,94.47596555218816,Low,Yes
912,Student_912,Male,Rural,Low,3.280952084351688,68.57336313121884,High,Yes
913,Student_913,Male,Rural,High,3.957962230349618,59.75832586093252,Medium,Yes
914,Student_914,Female,Rural,Medium,3.2069861920867573,74.46962687032944,Medium,Yes
915,Student_915,Female,Rural,Low,2.7156281682270977,87.0820725918021,Low,Yes
916,Student_916,Female,Rural,High,3.2956348919810567,74.62845353766488,High,Yes
917,Student_917,Female,Rural,Low,2.245841356930775,74.15904316568343,Low,Yes
918,Student_918,Female,Rural,Low,3.7773181605307973,91.91152105409003,Medium,Yes
919,Student_919,Female,Urban,Medium,3.0061679015596727,68.07018895335932,Low,Yes
920,Student_920,Female,Urban,Low,2.898699484079284,92.98973374058228,Low,Yes
921,Student_921,Male,Urban,Low,3.1717295769070386,70.34024004758618,Low,Yes
922,Student_922,Male,Urban,Low,3.249567725578805,66.41165528391697,Low,Yes
923,Student_923,Male,Rural,Medium,2.143551612453026,72.69949555998495,High,Yes
924,Student_924,Male,Urban,Medium,3.3652344424468046,88.12234793374341,Medium,Yes
925,Student_925,Male,Rural,High,2.483863360631059,56.30010139319971,High,Yes
926,Student_926,Male,Urban,Medium,3.4279052650131794,59.82096079360087,High,Yes
927,Student_927,Male,Urban,Low,3.6450695887683935,97.5722412831546,High,No
928,Student_928,Female,Urban,Medium,3.6079170151050404,58.77458136906787,Medium,Yes
929,Student_929,Female,Rural,High,3.1050019348157782,78.38636589655273,Low,Yes
930,Student_930,Male,Urban,Medium,3.0403397846215023,78.96572333309689,Medium,Yes
931,Student_931,Male,Rural,Medium,2.2857519226788234,74.48122310251225,Low,Yes
932,Student_932,Female,Rural,Medium,3.550692300806271,82.23726242884092,High,Yes
933,Student_933,Male,Urban,High,2.5428187608934287,61.49133628988092,High,Yes
934,Student_934,Male,Urban,Medium,2.993390845635893,77.63311338883742,High,Yes
935,Student_935,Female,Urban,Medium,2.5685481858550334,68.60866276234486,High,Yes
936,Student_936,Male,Rural,Low,2.2676567259993865,83.08336298145946,High,Yes
937,Student_937,Female,Urban,High,3.259115393783473,57.06117716865747,Low,Yes
938,Student_938,Male,Rural,Medium,2.1086640696458074,78.54387084197381,Low,Yes
939,Student_939,Female,Rural,High,3.4972904682524,59.263517769166185,High,Yes
940,Student_940,Female,Urban,Medium,2.6351735905222333,63.93215315575182,Medium,Yes
941,Student_941,Female,Urban,Medium,2.000269386008971,60.93549001617916,Medium,Yes
942,Student_942,Male,Rural,Medium,3.0222582784744594,59.14188899344086,High,Yes
943,Student_943,Female,Rural,Low,2.0937038170552063,91.28554757803334,Low,Yes
944,Student_944,Male,Rural,Low,2.552339115641799,64.28537838304452,Medium,Yes
945,Student_945,Male,Urban,Low,3.4139529749114326,96.35618909322247,Medium,Yes
946,Student_946,Male,Rural,High,2.1253792432437315,98.49632626725955,Medium,Yes
947,Student_947,Male,Urban,High,3.6786769847120047,78.56302349685487,High,No
948,Student_948,Female,Rural,Low,2.007639845317166,57.15005613328632,Medium,Yes
949,Student_949,Female,Rural,High,2.4936477384038045,68.72741216897907,Medium,Yes
950,Student_950,Male,Urban,Medium,3.481808112304143,89.8866131674107,Medium,Yes
951,Student_951,Male,Rural,Low,2.6325402994586136,68.36953643485353,Low,Yes
952,Student_952,Female,Urban,Medium,2.203784776132027,54.350860915139435,Low,Yes
953,Student_953,Male,Urban,Low,2.7204678376008555,77.8392455464094,High,Yes
954,Student_954,Female,Rural,High,2.540786572769051,92.25604257480174,High,Yes
955,Student_955,Male,Urban,Low,3.68542380432111,89.79631935717512,Low,Yes
956,Student_956,Male,Urban,High,2.6266958351702865,58.75615700651766,Low,Yes
957,Student_957,Female,Rural,Medium,3.5778649435520142,83.63823072062334,High,Yes
958,Student_958,Male,Urban,Low,3.7837442896214695,61.025213171782354,Medium,Yes
959,Student_959,Female,Urban,High,2.867634839153059,60.91037672760861,Medium,Yes
960,Student_960,Male,Urban,High,3.8198862877087842,93.70358866525926,High,No
961,Student_961,Male,Rural,Medium,2.7546361079263857,62.48344763701151,Medium,Yes
962,Student_962,Male,Urban,Low,3.9281568329802163,63.16236732590056,Low,Yes
963,Student_963,Female,Rural,Low,2.178579049051146,50.03266953806498,Medium,Yes
964,Student_964,Male,Rural,Low,3.3740385330064857,93.53345170627588,Medium,Yes
965,Student_965,Male,Urban,Medium,2.9876280809138573,89.62974066045673,Medium,Yes
966,Student_966,Male,Urban,Low,2.775297610911294,81.3664467545339,High,Yes
967,Student_967,Male,Urban,Medium,3.265423757497202,87.51328819694211,Low,Yes
968,Student_968,Female,Rural,Medium,3.4077141832686624,57.60242837122459,Medium,Yes
969,Student_969,Female,Urban,Medium,2.008726539300618,72.91617972937877,High,Yes
970,Student_970,Male,Urban,High,2.3339061774943977,67.56096936743904,Medium,Yes
971,Student_971,Female,Urban,Low,3.4260921012686376,54.68882631285082,Low,Yes
972,Student_972,Male,Urban,Low,3.3327708271564127,74.3065242607462,Medium,Yes
973,Student_973,Male,Urban,Medium,3.9320950102573544,96.03698251713178,Low,Yes
974,Student_974,Male,Rural,Medium,3.522075580501566,52.00295595253473,Medium,Yes
975,Student_975,Female,Rural,Low,3.9015454154626763,64.5730456746897,Low,Yes
976,Student_976,Female,Urban,Medium,3.405081003069614,60.37704681028517,Medium,Yes
977,Student_977,Female,Urban,Low,2.5961044172788865,61.907332683284814,Low,Yes
978,Student_978,Female,Urban,High,2.2107298445017127,95.42172759396877,Medium,Yes
979,Student_979,Female,Urban,Medium,3.5636477266898714,73.40345271171451,Medium,Yes
980,Student_980,Female,Rural,Low,3.288298442951832,73.31497064699094,High,Yes
981,Student_981,Female,Urban,Medium,2.0963720247865925,88.02878212276411,High,Yes
982,Student_982,Female,Rural,Low,2.720100931801957,57.72461020024629,Low,Yes
983,Student_983,Female,Rural,Low,3.913599630968572,74.36326770500254,Medium,Yes
984,Student_984,Male,Urban,Medium,3.0008022914204027,71.49926070605298,Low,Yes
985,Student_985,Female,Rural,High,2.865458272039409,79.8455345273328,High,Yes
986,Student_986,Female,Rural,Low,2.915399210318588,99.97788516252193,Low,Yes
987,Student_987,Female,Rural,Low,2.4177654480103277,88.47244470410234,Low,Yes
988,Student_988,Female,Rural,Low,2.7374143417295906,69.89328515087136,High,Yes
989,Student_989,Female,Urban,High,2.739626511974353,91.37765261370234,Medium,Yes
990,Student_990,Female,Urban,Low,2.104710040374945,58.53541816562401,Low,Yes
991,Student_991,Female,Rural,Medium,3.5351352570358365,51.523184315448006,High,Yes
992,Student_992,Female,Urban,High,2.833008863807758,60.222418623213656,Medium,Yes
993,Student_993,Female,Urban,Medium,3.6443597736328464,67.02057780571297,High,Yes
994,Student_994,Female,Urban,Medium,3.700696002239791,75.529037872978,Low,Yes
995,Student_995,Female,Urban,High,2.423988109397316,80.75645702706,Medium,Yes
996,Student_996,Male,Urban,Medium,3.314706964340257,95.53028586072108,Medium,Yes
997,Student_997,Male,Rural,High,2.9445636083259634,75.49270047752289,High,Yes
998,Student_998,Female,Urban,Medium,3.7603134758429704,75.06378223128647,High,No
999,Student_999,Female,Urban,High,2.431481358352908,52.51215049114911,High,Yes
1000,Student_1000,Male,Urban,High,3.355626400620088,51.74557763281119,Medium,Yes
